Personnel,Artist,Album,Personnel Role,Number of Tracks,Recording Period,Date of Release,Label,Runtime,Singles,Link
Al Schmitt,Steely Dan,Aja (1977),Engineer,7,Late 1976 - Jul 1977,"September 23, 1977",ABC,0:39:56,"Peg (Nov. 1977), Deacon Blues (Mar. 1978), Josie (Aug. 1978)",https://www.discogs.com/master/16921-Steely-Dan-Aja
Bernard Purdie,Steely Dan,Aja (1977),Drums,7,Late 1976 - Jul 1977,"September 23, 1977",ABC,0:39:56,"Peg (Nov. 1977), Deacon Blues (Mar. 1978), Josie (Aug. 1978)",https://www.discogs.com/master/16921-Steely-Dan-Aja
Bernie Grundman,Steely Dan,Aja (1977),Mastering Engineer,7,Late 1976 - Jul 1977,"September 23, 1977",ABC,0:39:56,"Peg (Nov. 1977), Deacon Blues (Mar. 1978), Josie (Aug. 1978)",https://www.discogs.com/master/16921-Steely-Dan-Aja
Bill Schnee,Steely Dan,Aja (1977),Engineer,7,Late 1976 - Jul 1977,"September 23, 1977",ABC,0:39:56,"Peg (Nov. 1977), Deacon Blues (Mar. 1978), Josie (Aug. 1978)",https://www.discogs.com/master/16921-Steely-Dan-Aja
Chuck Findley,Steely Dan,Aja (1977),Brass,7,Late 1976 - Jul 1977,"September 23, 1977",ABC,0:39:56,"Peg (Nov. 1977), Deacon Blues (Mar. 1978), Josie (Aug. 1978)",https://www.discogs.com/master/16921-Steely-Dan-Aja
Chuck Rainey,Steely Dan,Aja (1977),Bass Guitar,7,Late 1976 - Jul 1977,"September 23, 1977",ABC,0:39:56,"Peg (Nov. 1977), Deacon Blues (Mar. 1978), Josie (Aug. 1978)",https://www.discogs.com/master/16921-Steely-Dan-Aja
Clydie King,Steely Dan,Aja (1977),Backing Vocals,7,Late 1976 - Jul 1977,"September 23, 1977",ABC,0:39:56,"Peg (Nov. 1977), Deacon Blues (Mar. 1978), Josie (Aug. 1978)",https://www.discogs.com/master/16921-Steely-Dan-Aja
Dean Parks,Steely Dan,Aja (1977),"Guitar, Rhythm Arrangments",7,Late 1976 - Jul 1977,"September 23, 1977",ABC,0:39:56,"Peg (Nov. 1977), Deacon Blues (Mar. 1978), Josie (Aug. 1978)",https://www.discogs.com/master/16921-Steely-Dan-Aja
Don Grolnick,Steely Dan,Aja (1977),Clavinet,7,Late 1976 - Jul 1977,"September 23, 1977",ABC,0:39:56,"Peg (Nov. 1977), Deacon Blues (Mar. 1978), Josie (Aug. 1978)",https://www.discogs.com/master/16921-Steely-Dan-Aja
Donald Fagen,Steely Dan,Aja (1977),"Lead Vocals, Synthesizer, Backing Vocals, Rhythm Arrangements, Writer",7,Late 1976 - Jul 1977,"September 23, 1977",ABC,0:39:56,"Peg (Nov. 1977), Deacon Blues (Mar. 1978), Josie (Aug. 1978)",https://www.discogs.com/master/16921-Steely-Dan-Aja
Ed Greene,Steely Dan,Aja (1977),Drums,7,Late 1976 - Jul 1977,"September 23, 1977",ABC,0:39:56,"Peg (Nov. 1977), Deacon Blues (Mar. 1978), Josie (Aug. 1978)",https://www.discogs.com/master/16921-Steely-Dan-Aja
Elliot Scheiner,Steely Dan,Aja (1977),Engineer,7,Late 1976 - Jul 1977,"September 23, 1977",ABC,0:39:56,"Peg (Nov. 1977), Deacon Blues (Mar. 1978), Josie (Aug. 1978)",https://www.discogs.com/master/16921-Steely-Dan-Aja
Gary Coleman,Steely Dan,Aja (1977),Percussion,7,Late 1976 - Jul 1977,"September 23, 1977",ABC,0:39:56,"Peg (Nov. 1977), Deacon Blues (Mar. 1978), Josie (Aug. 1978)",https://www.discogs.com/master/16921-Steely-Dan-Aja
Gary Katz,Steely Dan,Aja (1977),Producer,7,Late 1976 - Jul 1977,"September 23, 1977",ABC,0:39:56,"Peg (Nov. 1977), Deacon Blues (Mar. 1978), Josie (Aug. 1978)",https://www.discogs.com/master/16921-Steely-Dan-Aja
Jackie Kelso,Steely Dan,Aja (1977),"Saxophone, Flute",7,Late 1976 - Jul 1977,"September 23, 1977",ABC,0:39:56,"Peg (Nov. 1977), Deacon Blues (Mar. 1978), Josie (Aug. 1978)",https://www.discogs.com/master/16921-Steely-Dan-Aja
Jay Graydon,Steely Dan,Aja (1977),Guitar Solo,7,Late 1976 - Jul 1977,"September 23, 1977",ABC,0:39:56,"Peg (Nov. 1977), Deacon Blues (Mar. 1978), Josie (Aug. 1978)",https://www.discogs.com/master/16921-Steely-Dan-Aja
Jim Horn,Steely Dan,Aja (1977),Rhythm Arrangements,7,Late 1976 - Jul 1977,"September 23, 1977",ABC,0:39:56,"Peg (Nov. 1977), Deacon Blues (Mar. 1978), Josie (Aug. 1978)",https://www.discogs.com/master/16921-Steely-Dan-Aja
Jim Keltner,Steely Dan,Aja (1977),"Percussion, Drums",7,Late 1976 - Jul 1977,"September 23, 1977",ABC,0:39:56,"Peg (Nov. 1977), Deacon Blues (Mar. 1978), Josie (Aug. 1978)",https://www.discogs.com/master/16921-Steely-Dan-Aja
Joe Sample,Steely Dan,Aja (1977),"Clavinet, Rhodes Piano",7,Late 1976 - Jul 1977,"September 23, 1977",ABC,0:39:56,"Peg (Nov. 1977), Deacon Blues (Mar. 1978), Josie (Aug. 1978)",https://www.discogs.com/master/16921-Steely-Dan-Aja
Larry Carlton,Steely Dan,Aja (1977),"Guitar, Rhythm Arrangments",7,Late 1976 - Jul 1977,"September 23, 1977",ABC,0:39:56,"Peg (Nov. 1977), Deacon Blues (Mar. 1978), Josie (Aug. 1978)",https://www.discogs.com/master/16921-Steely-Dan-Aja
Lenise Bent,Steely Dan,Aja (1977),Assistant Engineer,7,Late 1976 - Jul 1977,"September 23, 1977",ABC,0:39:56,"Peg (Nov. 1977), Deacon Blues (Mar. 1978), Josie (Aug. 1978)",https://www.discogs.com/master/16921-Steely-Dan-Aja
Linda Tyler,Steely Dan,Aja (1977),Assistant Engineer,7,Late 1976 - Jul 1977,"September 23, 1977",ABC,0:39:56,"Peg (Nov. 1977), Deacon Blues (Mar. 1978), Josie (Aug. 1978)",https://www.discogs.com/master/16921-Steely-Dan-Aja
Michael McDonald,Steely Dan,Aja (1977),Backing Vocals,7,Late 1976 - Jul 1977,"September 23, 1977",ABC,0:39:56,"Peg (Nov. 1977), Deacon Blues (Mar. 1978), Josie (Aug. 1978)",https://www.discogs.com/master/16921-Steely-Dan-Aja
Michael Omartian,Steely Dan,Aja (1977),"Piano, Rhythm Arrangements",7,Late 1976 - Jul 1977,"September 23, 1977",ABC,0:39:56,"Peg (Nov. 1977), Deacon Blues (Mar. 1978), Josie (Aug. 1978)",https://www.discogs.com/master/16921-Steely-Dan-Aja
Paul Griffin,Steely Dan,Aja (1977),"Rhodes Piano, Backing Vocals",7,Late 1976 - Jul 1977,"September 23, 1977",ABC,0:39:56,"Peg (Nov. 1977), Deacon Blues (Mar. 1978), Josie (Aug. 1978)",https://www.discogs.com/master/16921-Steely-Dan-Aja
Plas Johnson,Steely Dan,Aja (1977),"Saxophone, Flute",7,Late 1976 - Jul 1977,"September 23, 1977",ABC,0:39:56,"Peg (Nov. 1977), Deacon Blues (Mar. 1978), Josie (Aug. 1978)",https://www.discogs.com/master/16921-Steely-Dan-Aja
Rick Marotta,Steely Dan,Aja (1977),Drums,7,Late 1976 - Jul 1977,"September 23, 1977",ABC,0:39:56,"Peg (Nov. 1977), Deacon Blues (Mar. 1978), Josie (Aug. 1978)",https://www.discogs.com/master/16921-Steely-Dan-Aja
Roger Nichols,Steely Dan,Aja (1977),Executive Engineer,7,Late 1976 - Jul 1977,"September 23, 1977",ABC,0:39:56,"Peg (Nov. 1977), Deacon Blues (Mar. 1978), Josie (Aug. 1978)",https://www.discogs.com/master/16921-Steely-Dan-Aja
Steve Gadd,Steely Dan,Aja (1977),Drums,7,Late 1976 - Jul 1977,"September 23, 1977",ABC,0:39:56,"Peg (Nov. 1977), Deacon Blues (Mar. 1978), Josie (Aug. 1978)",https://www.discogs.com/master/16921-Steely-Dan-Aja
Steve Khan,Steely Dan,Aja (1977),Guitar,7,Late 1976 - Jul 1977,"September 23, 1977",ABC,0:39:56,"Peg (Nov. 1977), Deacon Blues (Mar. 1978), Josie (Aug. 1978)",https://www.discogs.com/master/16921-Steely-Dan-Aja
Timothy B. Schmit,Steely Dan,Aja (1977),Backing Vocals,7,Late 1976 - Jul 1977,"September 23, 1977",ABC,0:39:56,"Peg (Nov. 1977), Deacon Blues (Mar. 1978), Josie (Aug. 1978)",https://www.discogs.com/master/16921-Steely-Dan-Aja
Tom Scott,Steely Dan,Aja (1977),"Horn Arrangement, Horn Conducting, Saxophone, Flute, Lyricon",7,Late 1976 - Jul 1977,"September 23, 1977",ABC,0:39:56,"Peg (Nov. 1977), Deacon Blues (Mar. 1978), Josie (Aug. 1978)",https://www.discogs.com/master/16921-Steely-Dan-Aja
Victor Feldman,Steely Dan,Aja (1977),"Rhodes Piano, Percussion, Marimba, Vibraphone",7,Late 1976 - Jul 1977,"September 23, 1977",ABC,0:39:56,"Peg (Nov. 1977), Deacon Blues (Mar. 1978), Josie (Aug. 1978)",https://www.discogs.com/master/16921-Steely-Dan-Aja
Walter Becker,Steely Dan,Aja (1977),"Guitar, Bass Guitar, Rhythm Arrangements, Writer",7,Late 1976 - Jul 1977,"September 23, 1977",ABC,0:39:56,"Peg (Nov. 1977), Deacon Blues (Mar. 1978), Josie (Aug. 1978)",https://www.discogs.com/master/16921-Steely-Dan-Aja
James Newton Howard,Ambrosia,Ambrosia (1975),Synthesizer Programming,8,1974,February 1975,20th Century Fox,0:40:00,"Holdin' on to Yesterday, 'Nice, Nice, Very Nice' (both Jun. 1975)",https://www.discogs.com/master/89022-Ambrosia-Ambrosia
Abraham Laboriel,Al Jarreau,Breakin' Away (1981),Bass Guitar,9,1981,"June 30, 1981",Warner Bros.,0:41:07,"We're in This Love Together (Jul. 1981), Breakin' Away (Unknown), Teach Me Tonight (Unknown)",https://www.discogs.com/master/38071-Al-Jarreau-Breakin-Away
Chuck Findley,Al Jarreau,Breakin' Away (1981),Trumpet,9,1981,"July 1, 1981",Warner Bros.,0:41:07,"We're in This Love Together (Jul. 1981), Breakin' Away (Unknown), Teach Me Tonight (Unknown)",https://www.discogs.com/master/38071-Al-Jarreau-Breakin-Away
David Foster,Al Jarreau,Breakin' Away (1981),"Acoustic Piano, Rhodes Piano, Synthesizers, String Arrangements",9,1981,"July 2, 1981",Warner Bros.,0:41:07,"We're in This Love Together (Jul. 1981), Breakin' Away (Unknown), Teach Me Tonight (Unknown)",https://www.discogs.com/master/38071-Al-Jarreau-Breakin-Away
Dean Parks,Al Jarreau,Breakin' Away (1981),Electric Guitar,9,1981,"July 3, 1981",Warner Bros.,0:41:07,"We're in This Love Together (Jul. 1981), Breakin' Away (Unknown), Teach Me Tonight (Unknown)",https://www.discogs.com/master/38071-Al-Jarreau-Breakin-Away
Jay Graydon,Al Jarreau,Breakin' Away (1981),"Synthesizer Programming, Electric Guitar, Rhythm Arrangements, Vocal Arrangements, Producer, Mixing",9,1981,"July 4, 1981",Warner Bros.,0:41:07,"We're in This Love Together (Jul. 1981), Breakin' Away (Unknown), Teach Me Tonight (Unknown)",https://www.discogs.com/master/38071-Al-Jarreau-Breakin-Away
Jeff Porcaro,Al Jarreau,Breakin' Away (1981),Drums,9,1981,"July 5, 1981",Warner Bros.,0:41:07,"We're in This Love Together (Jul. 1981), Breakin' Away (Unknown), Teach Me Tonight (Unknown)",https://www.discogs.com/master/38071-Al-Jarreau-Breakin-Away
Jerry Hey,Al Jarreau,Breakin' Away (1981),"Flugelhorn, Trumpet, Horn Arrangements",9,1981,"July 6, 1981",Warner Bros.,0:41:07,"We're in This Love Together (Jul. 1981), Breakin' Away (Unknown), Teach Me Tonight (Unknown)",https://www.discogs.com/master/38071-Al-Jarreau-Breakin-Away
Michael Boddicker,Al Jarreau,Breakin' Away (1981),"Synthesizer Programming, Synthesizers",9,1981,"July 7, 1981",Warner Bros.,0:41:07,"We're in This Love Together (Jul. 1981), Breakin' Away (Unknown), Teach Me Tonight (Unknown)",https://www.discogs.com/master/38071-Al-Jarreau-Breakin-Away
Michael Omartian,Al Jarreau,Breakin' Away (1981),"Synthesizers, Rhodes Piano",9,1981,"July 8, 1981",Warner Bros.,0:41:07,"We're in This Love Together (Jul. 1981), Breakin' Away (Unknown), Teach Me Tonight (Unknown)",https://www.discogs.com/master/38071-Al-Jarreau-Breakin-Away
Richard Page,Al Jarreau,Breakin' Away (1981),Backing Vocals,9,1981,"July 9, 1981",Warner Bros.,0:41:07,"We're in This Love Together (Jul. 1981), Breakin' Away (Unknown), Teach Me Tonight (Unknown)",https://www.discogs.com/master/38071-Al-Jarreau-Breakin-Away
Steve Gadd,Al Jarreau,Breakin' Away (1981),Drums,9,1981,"July 10, 1981",Warner Bros.,0:41:07,"We're in This Love Together (Jul. 1981), Breakin' Away (Unknown), Teach Me Tonight (Unknown)",https://www.discogs.com/master/38071-Al-Jarreau-Breakin-Away
Steve George,Al Jarreau,Breakin' Away (1981),Backing Vocals,9,1981,"July 11, 1981",Warner Bros.,0:41:07,"We're in This Love Together (Jul. 1981), Breakin' Away (Unknown), Teach Me Tonight (Unknown)",https://www.discogs.com/master/38071-Al-Jarreau-Breakin-Away
Steve Lukather,Al Jarreau,Breakin' Away (1981),Electric Guitar,9,1981,"July 12, 1981",Warner Bros.,0:41:07,"We're in This Love Together (Jul. 1981), Breakin' Away (Unknown), Teach Me Tonight (Unknown)",https://www.discogs.com/master/38071-Al-Jarreau-Breakin-Away
Tom Scott,Al Jarreau,Breakin' Away (1981),Horns,9,1981,"July 13, 1981",Warner Bros.,0:41:07,"We're in This Love Together (Jul. 1981), Breakin' Away (Unknown), Teach Me Tonight (Unknown)",https://www.discogs.com/master/38071-Al-Jarreau-Breakin-Away
David Leonard,Eddie Money,Can't Hold Back (1986),Engineer,10,1985-1986,"August 8, 1986",Columbia,0:40:30,"Take Me Home Tonight (1986), I Wanna Go Back (1986), Endless Nights (1987), We Should Be Sleeping (1987)",https://www.discogs.com/master/98136-Eddie-Money-Cant-Hold-Back
Bernie Grundman,,Can't Hold Back (1986),Mastering Engineer,10,1985-1986,"August 8, 1986",Columbia,0:40:30,"Take Me Home Tonight (1986), I Wanna Go Back (1986), Endless Nights (1987), We Should Be Sleeping (1987)",https://www.discogs.com/master/98136-Eddie-Money-Cant-Hold-Back
Nathan East,Eddie Money,Can't Hold Back (1986),Bass Guitar,10,1985-1986,"August 8, 1986",Columbia,0:40:30,"Take Me Home Tonight (1986), I Wanna Go Back (1986), Endless Nights (1987), We Should Be Sleeping (1987)",https://www.discogs.com/master/98136-Eddie-Money-Cant-Hold-Back
Richard Page,Eddie Money,Can't Hold Back (1986),Backing Vocals,10,1985-1986,"August 8, 1986",Columbia,0:40:30,"Take Me Home Tonight (1986), I Wanna Go Back (1986), Endless Nights (1987), We Should Be Sleeping (1987)",https://www.discogs.com/master/98136-Eddie-Money-Cant-Hold-Back
Steve George,Eddie Money,Can't Hold Back (1986),"Keyboards, Backing Vocals",10,1985-1986,"August 8, 1986",Columbia,0:40:30,"Take Me Home Tonight (1986), I Wanna Go Back (1986), Endless Nights (1987), We Should Be Sleeping (1987)",https://www.discogs.com/master/98136-Eddie-Money-Cant-Hold-Back
Bobby Hata,Christopher Cross,Christopher Cross (1979),Mastering,10,July 1979,"December 27, 1979",Warner Bros.,0:38:32,"Ride Like the Wind (Feb. 15, 1980), Sailing (Jun. 15, 1980), Never Be the Same (Oct. 1980), Say You'll Be Mine (Mar. 1981)",https://www.discogs.com/master/113522-Christopher-Cross-Christopher-Cross
Christopher Cross,Christopher Cross,Christopher Cross (1979),"Writer, Lead Vocals, Electric Guitar, Acoustic Guitar, Backing Vocals",10,July 1979,"December 27, 1979",Warner Bros.,0:38:32,"Ride Like the Wind (Feb. 15, 1980), Sailing (Jun. 15, 1980), Never Be the Same (Oct. 1980), Say You'll Be Mine (Mar. 1981)",https://www.discogs.com/master/113522-Christopher-Cross-Christopher-Cross
Chuck Findley,Christopher Cross,Christopher Cross (1979),"Trumpet, Flugelhorn",10,July 1979,"December 27, 1979",Warner Bros.,0:38:32,"Ride Like the Wind (Feb. 15, 1980), Sailing (Jun. 15, 1980), Never Be the Same (Oct. 1980), Say You'll Be Mine (Mar. 1981)",https://www.discogs.com/master/113522-Christopher-Cross-Christopher-Cross
Jackie Kelso,Christopher Cross,Christopher Cross (1979),Saxophone,10,July 1979,"December 27, 1979",Warner Bros.,0:38:32,"Ride Like the Wind (Feb. 15, 1980), Sailing (Jun. 15, 1980), Never Be the Same (Oct. 1980), Say You'll Be Mine (Mar. 1981)",https://www.discogs.com/master/113522-Christopher-Cross-Christopher-Cross
Jay Graydon,Christopher Cross,Christopher Cross (1979),Guitar,10,July 1979,"December 27, 1979",Warner Bros.,0:38:32,"Ride Like the Wind (Feb. 15, 1980), Sailing (Jun. 15, 1980), Never Be the Same (Oct. 1980), Say You'll Be Mine (Mar. 1981)",https://www.discogs.com/master/113522-Christopher-Cross-Christopher-Cross
JD Souther,Christopher Cross,Christopher Cross (1979),Backing Vocals,10,July 1979,"December 27, 1979",Warner Bros.,0:38:32,"Ride Like the Wind (Feb. 15, 1980), Sailing (Jun. 15, 1980), Never Be the Same (Oct. 1980), Say You'll Be Mine (Mar. 1981)",https://www.discogs.com/master/113522-Christopher-Cross-Christopher-Cross
Jim Horn,Christopher Cross,Christopher Cross (1979),Saxophone,10,July 1979,"December 27, 1979",Warner Bros.,0:38:32,"Ride Like the Wind (Feb. 15, 1980), Sailing (Jun. 15, 1980), Never Be the Same (Oct. 1980), Say You'll Be Mine (Mar. 1981)",https://www.discogs.com/master/113522-Christopher-Cross-Christopher-Cross
Larry Carlton,Christopher Cross,Christopher Cross (1979),Guitar,10,July 1979,"December 27, 1979",Warner Bros.,0:38:32,"Ride Like the Wind (Feb. 15, 1980), Sailing (Jun. 15, 1980), Never Be the Same (Oct. 1980), Say You'll Be Mine (Mar. 1981)",https://www.discogs.com/master/113522-Christopher-Cross-Christopher-Cross
Lenny Castro,Christopher Cross,Christopher Cross (1979),Percussion,10,July 1979,"December 27, 1979",Warner Bros.,0:38:32,"Ride Like the Wind (Feb. 15, 1980), Sailing (Jun. 15, 1980), Never Be the Same (Oct. 1980), Say You'll Be Mine (Mar. 1981)",https://www.discogs.com/master/113522-Christopher-Cross-Christopher-Cross
Marty McCall,Christopher Cross,Christopher Cross (1979),Backing Vocals,10,July 1979,"December 27, 1979",Warner Bros.,0:38:32,"Ride Like the Wind (Feb. 15, 1980), Sailing (Jun. 15, 1980), Never Be the Same (Oct. 1980), Say You'll Be Mine (Mar. 1981)",https://www.discogs.com/master/113522-Christopher-Cross-Christopher-Cross
Michael McDonald,Christopher Cross,Christopher Cross (1979),Backing Vocals,10,July 1979,"December 27, 1979",Warner Bros.,0:38:32,"Ride Like the Wind (Feb. 15, 1980), Sailing (Jun. 15, 1980), Never Be the Same (Oct. 1980), Say You'll Be Mine (Mar. 1981)",https://www.discogs.com/master/113522-Christopher-Cross-Christopher-Cross
Michael Omartian,Christopher Cross,Christopher Cross (1979),"Acoustic Piano, Synthesizers, Backing Vocals, Producer",10,July 1979,"December 27, 1979",Warner Bros.,0:38:32,"Ride Like the Wind (Feb. 15, 1980), Sailing (Jun. 15, 1980), Never Be the Same (Oct. 1980), Say You'll Be Mine (Mar. 1981)",https://www.discogs.com/master/113522-Christopher-Cross-Christopher-Cross
Nicolette Larson,Christopher Cross,Christopher Cross (1979),Backing Vocals,10,July 1979,"December 27, 1979",Warner Bros.,0:38:32,"Ride Like the Wind (Feb. 15, 1980), Sailing (Jun. 15, 1980), Never Be the Same (Oct. 1980), Say You'll Be Mine (Mar. 1981)",https://www.discogs.com/master/113522-Christopher-Cross-Christopher-Cross
Victor Feldman,Christopher Cross,Christopher Cross (1979),"Vibraphone, Percussion",10,July 1979,"December 27, 1979",Warner Bros.,0:38:32,"Ride Like the Wind (Feb. 15, 1980), Sailing (Jun. 15, 1980), Never Be the Same (Oct. 1980), Say You'll Be Mine (Mar. 1981)",https://www.discogs.com/master/113522-Christopher-Cross-Christopher-Cross
Bernard Purdie,Steely Dan,Gaucho (1980),Drums,7,1978-1980,"November 21, 1980",MCA,0:37:55,"Hey Nineteen (Nov. 21, 1980), Time Out of Mind (Mar. 1981)",https://www.discogs.com/master/17020-Steely-Dan-Gaucho
Bill Schnee,Steely Dan,Gaucho (1980),Tracking Engineer,7,1978-1980,"November 21, 1980",MCA,0:37:55,"Hey Nineteen (Nov. 21, 1980), Time Out of Mind (Mar. 1981)",https://www.discogs.com/master/17020-Steely-Dan-Gaucho
Chuck Rainey,Steely Dan,Gaucho (1980),Bass Guitar,7,1978-1980,"November 21, 1980",MCA,0:37:55,"Hey Nineteen (Nov. 21, 1980), Time Out of Mind (Mar. 1981)",https://www.discogs.com/master/17020-Steely-Dan-Gaucho
David Sanborn,Steely Dan,Gaucho (1980),Alto Saxophone,7,1978-1980,"November 21, 1980",MCA,0:37:55,"Hey Nineteen (Nov. 21, 1980), Time Out of Mind (Mar. 1981)",https://www.discogs.com/master/17020-Steely-Dan-Gaucho
Don Grolnick,Steely Dan,Gaucho (1980),"Electric Piano, Clavinet, Rhythm Arrangements",7,1978-1980,"November 21, 1980",MCA,0:37:55,"Hey Nineteen (Nov. 21, 1980), Time Out of Mind (Mar. 1981)",https://www.discogs.com/master/17020-Steely-Dan-Gaucho
Donald Fagen,Steely Dan,Gaucho (1980),"Writer, Lead Vocals, Electric Piano, Synthesizer, Organ",7,1978-1980,"November 21, 1980",MCA,0:37:55,"Hey Nineteen (Nov. 21, 1980), Time Out of Mind (Mar. 1981)",https://www.discogs.com/master/17020-Steely-Dan-Gaucho
Elliot Scheiner,Steely Dan,Gaucho (1980),"Tracking Engineer, Mixdown Engineer",7,1978-1980,"November 21, 1980",MCA,0:37:55,"Hey Nineteen (Nov. 21, 1980), Time Out of Mind (Mar. 1981)",https://www.discogs.com/master/17020-Steely-Dan-Gaucho
Gary Katz,Steely Dan,Gaucho (1980),Producer,7,1978-1980,"November 21, 1980",MCA,0:37:55,"Hey Nineteen (Nov. 21, 1980), Time Out of Mind (Mar. 1981)",https://www.discogs.com/master/17020-Steely-Dan-Gaucho
Jeff Porcaro,Steely Dan,Gaucho (1980),Drums,7,1978-1980,"November 21, 1980",MCA,0:37:55,"Hey Nineteen (Nov. 21, 1980), Time Out of Mind (Mar. 1981)",https://www.discogs.com/master/17020-Steely-Dan-Gaucho
Joe Sample,Steely Dan,Gaucho (1980),Electric Piano,7,1978-1980,"November 21, 1980",MCA,0:37:55,"Hey Nineteen (Nov. 21, 1980), Time Out of Mind (Mar. 1981)",https://www.discogs.com/master/17020-Steely-Dan-Gaucho
Larry Carlton,Steely Dan,Gaucho (1980),Guitar,7,1978-1980,"November 21, 1980",MCA,0:37:55,"Hey Nineteen (Nov. 21, 1980), Time Out of Mind (Mar. 1981)",https://www.discogs.com/master/17020-Steely-Dan-Gaucho
Michael McDonald,Steely Dan,Gaucho (1980),Backing Vocals,7,1978-1980,"November 21, 1980",MCA,0:37:55,"Hey Nineteen (Nov. 21, 1980), Time Out of Mind (Mar. 1981)",https://www.discogs.com/master/17020-Steely-Dan-Gaucho
Rick Marotta,Steely Dan,Gaucho (1980),Drums,7,1978-1980,"November 21, 1980",MCA,0:37:55,"Hey Nineteen (Nov. 21, 1980), Time Out of Mind (Mar. 1981)",https://www.discogs.com/master/17020-Steely-Dan-Gaucho
Roger Nichols,Steely Dan,Gaucho (1980),"Executive Engineer, Overdub Engineer, Sequencing and Special Effects",7,1978-1980,"November 21, 1980",MCA,0:37:55,"Hey Nineteen (Nov. 21, 1980), Time Out of Mind (Mar. 1981)",https://www.discogs.com/master/17020-Steely-Dan-Gaucho
Steve Gadd,Steely Dan,Gaucho (1980),"Percussion, Drums",7,1978-1980,"November 21, 1980",MCA,0:37:55,"Hey Nineteen (Nov. 21, 1980), Time Out of Mind (Mar. 1981)",https://www.discogs.com/master/17020-Steely-Dan-Gaucho
Steve Khan,Steely Dan,Gaucho (1980),"Acoustic Guitar, Electric Guitar",7,1978-1980,"November 21, 1980",MCA,0:37:55,"Hey Nineteen (Nov. 21, 1980), Time Out of Mind (Mar. 1981)",https://www.discogs.com/master/17020-Steely-Dan-Gaucho
Tom Scott,Steely Dan,Gaucho (1980),"Tenor Saxophone, Alto Saxophone, Clarinet, Lyricon, Horn Arrangement",7,1978-1980,"November 21, 1980",MCA,0:37:55,"Hey Nineteen (Nov. 21, 1980), Time Out of Mind (Mar. 1981)",https://www.discogs.com/master/17020-Steely-Dan-Gaucho
Victor Feldman,Steely Dan,Gaucho (1980),Percussion,7,1978-1980,"November 21, 1980",MCA,0:37:55,"Hey Nineteen (Nov. 21, 1980), Time Out of Mind (Mar. 1981)",https://www.discogs.com/master/17020-Steely-Dan-Gaucho
Walter Becker,Steely Dan,Gaucho (1980),Writer,7,1978-1980,"November 21, 1980",MCA,0:37:55,"Hey Nineteen (Nov. 21, 1980), Time Out of Mind (Mar. 1981)",https://www.discogs.com/master/17020-Steely-Dan-Gaucho
Wayne Andre,Steely Dan,Gaucho (1980),Trombone,7,1978-1980,"November 21, 1980",MCA,0:37:55,"Hey Nineteen (Nov. 21, 1980), Time Out of Mind (Mar. 1981)",https://www.discogs.com/master/17020-Steely-Dan-Gaucho
Abraham Laboriel,Kenny Loggins,High Adventure (1982),Bass,9,1982,September 1982,Columbia,0:41:18,"Don't Fight It (Aug. 1982), Heart to Heart (Nov. 1982), Welcome to Heartlight (Feb. 1983)",https://www.discogs.com/master/160629-Kenny-Loggins-High-Adventure
Bernie Grundman,Kenny Loggins,High Adventure (1982),Mastering Engineer,9,1982,September 1982,Columbia,0:41:18,"Don't Fight It (Aug. 1982), Heart to Heart (Nov. 1982), Welcome to Heartlight (Feb. 1983)",https://www.discogs.com/master/160629-Kenny-Loggins-High-Adventure
David Foster,Kenny Loggins,High Adventure (1982),"Grand Piano, String Arrangements",9,1982,September 1982,Columbia,0:41:18,"Don't Fight It (Aug. 1982), Heart to Heart (Nov. 1982), Welcome to Heartlight (Feb. 1983)",https://www.discogs.com/master/160629-Kenny-Loggins-High-Adventure
David Paich,Kenny Loggins,High Adventure (1982),String Arrangements,9,1982,September 1982,Columbia,0:41:18,"Don't Fight It (Aug. 1982), Heart to Heart (Nov. 1982), Welcome to Heartlight (Feb. 1983)",https://www.discogs.com/master/160629-Kenny-Loggins-High-Adventure
David Sanborn,Kenny Loggins,High Adventure (1982),Alto Saxophone,9,1982,September 1982,Columbia,0:41:18,"Don't Fight It (Aug. 1982), Heart to Heart (Nov. 1982), Welcome to Heartlight (Feb. 1983)",https://www.discogs.com/master/160629-Kenny-Loggins-High-Adventure
James Newton Howard,Kenny Loggins,High Adventure (1982),"Synthesizers, String Arrangements, Acoustic Piano",9,1982,September 1982,Columbia,0:41:18,"Don't Fight It (Aug. 1982), Heart to Heart (Nov. 1982), Welcome to Heartlight (Feb. 1983)",https://www.discogs.com/master/160629-Kenny-Loggins-High-Adventure
Kenny Loggins,Kenny Loggins,High Adventure (1982),"Lead Vocals, Rhythm Guitar, Synthesizers, Producer, Writer",9,1982,September 1982,Columbia,0:41:18,"Don't Fight It (Aug. 1982), Heart to Heart (Nov. 1982), Welcome to Heartlight (Feb. 1983)",https://www.discogs.com/master/160629-Kenny-Loggins-High-Adventure
Lenny Castro,Kenny Loggins,High Adventure (1982),Percussion,9,1982,September 1982,Columbia,0:41:18,"Don't Fight It (Aug. 1982), Heart to Heart (Nov. 1982), Welcome to Heartlight (Feb. 1983)",https://www.discogs.com/master/160629-Kenny-Loggins-High-Adventure
Marty Paich,Kenny Loggins,High Adventure (1982),String Arrangements,9,1982,September 1982,Columbia,0:41:18,"Don't Fight It (Aug. 1982), Heart to Heart (Nov. 1982), Welcome to Heartlight (Feb. 1983)",https://www.discogs.com/master/160629-Kenny-Loggins-High-Adventure
Michael McDonald,Kenny Loggins,High Adventure (1982),"Keyboards, Rhodes piano, Synthesizer Programming, Acoustic Piano",9,1982,September 1982,Columbia,0:41:18,"Don't Fight It (Aug. 1982), Heart to Heart (Nov. 1982), Welcome to Heartlight (Feb. 1983)",https://www.discogs.com/master/160629-Kenny-Loggins-High-Adventure
Nathan East,Kenny Loggins,High Adventure (1982),Bass,9,1982,September 1982,Columbia,0:41:18,"Don't Fight It (Aug. 1982), Heart to Heart (Nov. 1982), Welcome to Heartlight (Feb. 1983)",https://www.discogs.com/master/160629-Kenny-Loggins-High-Adventure
Paulinho da Costa,Kenny Loggins,High Adventure (1982),Congas,9,1982,September 1982,Columbia,0:41:18,"Don't Fight It (Aug. 1982), Heart to Heart (Nov. 1982), Welcome to Heartlight (Feb. 1983)",https://www.discogs.com/master/160629-Kenny-Loggins-High-Adventure
Richard Page,Kenny Loggins,High Adventure (1982),Backing Vocals,9,1982,September 1982,Columbia,0:41:18,"Don't Fight It (Aug. 1982), Heart to Heart (Nov. 1982), Welcome to Heartlight (Feb. 1983)",https://www.discogs.com/master/160629-Kenny-Loggins-High-Adventure
Steve George,Kenny Loggins,High Adventure (1982),Backing Vocals,9,1982,September 1982,Columbia,0:41:18,"Don't Fight It (Aug. 1982), Heart to Heart (Nov. 1982), Welcome to Heartlight (Feb. 1983)",https://www.discogs.com/master/160629-Kenny-Loggins-High-Adventure
Steve Lukather,Kenny Loggins,High Adventure (1982),Guitar,9,1982,September 1982,Columbia,0:41:18,"Don't Fight It (Aug. 1982), Heart to Heart (Nov. 1982), Welcome to Heartlight (Feb. 1983)",https://www.discogs.com/master/160629-Kenny-Loggins-High-Adventure
Bobby Hata,Michael McDonald,If That's What It Takes (1982),Master Engineer,10,1981-1982,"August 3, 1982",Warner Bros.,0:39:59,"I Keep Forgettin' (Every Time You're Near) (Aug. 1982), I Gotta Try (Nov. 1982), Playin' by the Rules (Feb. 1983)",https://www.discogs.com/master/157694-Michael-McDonald-If-Thats-What-It-Takes
Bobby LaKind,Michael McDonald,If That's What It Takes (1982),Percussion,10,1981-1982,"August 3, 1982",Warner Bros.,0:39:59,"I Keep Forgettin' (Every Time You're Near) (Aug. 1982), I Gotta Try (Nov. 1982), Playin' by the Rules (Feb. 1983)",https://www.discogs.com/master/157694-Michael-McDonald-If-Thats-What-It-Takes
Brenda Russell,Michael McDonald,If That's What It Takes (1982),Backing Vocals,10,1981-1982,"August 3, 1982",Warner Bros.,0:39:59,"I Keep Forgettin' (Every Time You're Near) (Aug. 1982), I Gotta Try (Nov. 1982), Playin' by the Rules (Feb. 1983)",https://www.discogs.com/master/157694-Michael-McDonald-If-Thats-What-It-Takes
Christopher Cross,Michael McDonald,If That's What It Takes (1982),Backing Vocals,10,1981-1982,"August 3, 1982",Warner Bros.,0:39:59,"I Keep Forgettin' (Every Time You're Near) (Aug. 1982), I Gotta Try (Nov. 1982), Playin' by the Rules (Feb. 1983)",https://www.discogs.com/master/157694-Michael-McDonald-If-Thats-What-It-Takes
Dean Parks,Michael McDonald,If That's What It Takes (1982),Guitar,10,1981-1982,"August 3, 1982",Warner Bros.,0:39:59,"I Keep Forgettin' (Every Time You're Near) (Aug. 1982), I Gotta Try (Nov. 1982), Playin' by the Rules (Feb. 1983)",https://www.discogs.com/master/157694-Michael-McDonald-If-Thats-What-It-Takes
Donn Landee,Michael McDonald,If That's What It Takes (1982),"Engineer, Overdub Engineer",10,1981-1982,"August 3, 1982",Warner Bros.,0:39:59,"I Keep Forgettin' (Every Time You're Near) (Aug. 1982), I Gotta Try (Nov. 1982), Playin' by the Rules (Feb. 1983)",https://www.discogs.com/master/157694-Michael-McDonald-If-Thats-What-It-Takes
Jeff Porcaro,Michael McDonald,If That's What It Takes (1982),Drums,10,1981-1982,"August 3, 1982",Warner Bros.,0:39:59,"I Keep Forgettin' (Every Time You're Near) (Aug. 1982), I Gotta Try (Nov. 1982), Playin' by the Rules (Feb. 1983)",https://www.discogs.com/master/157694-Michael-McDonald-If-Thats-What-It-Takes
Jerry Hey,Michael McDonald,If That's What It Takes (1982),Horn Arrangements,10,1981-1982,"August 3, 1982",Warner Bros.,0:39:59,"I Keep Forgettin' (Every Time You're Near) (Aug. 1982), I Gotta Try (Nov. 1982), Playin' by the Rules (Feb. 1983)",https://www.discogs.com/master/157694-Michael-McDonald-If-Thats-What-It-Takes
Kenny Loggins,Michael McDonald,If That's What It Takes (1982),Backing Vocals,10,1981-1982,"August 3, 1982",Warner Bros.,0:39:59,"I Keep Forgettin' (Every Time You're Near) (Aug. 1982), I Gotta Try (Nov. 1982), Playin' by the Rules (Feb. 1983)",https://www.discogs.com/master/157694-Michael-McDonald-If-Thats-What-It-Takes
Lenny Castro,Michael McDonald,If That's What It Takes (1982),Percussion,10,1981-1982,"August 3, 1982",Warner Bros.,0:39:59,"I Keep Forgettin' (Every Time You're Near) (Aug. 1982), I Gotta Try (Nov. 1982), Playin' by the Rules (Feb. 1983)",https://www.discogs.com/master/157694-Michael-McDonald-If-Thats-What-It-Takes
Marty Paich,Michael McDonald,If That's What It Takes (1982),String Arrangements,10,1981-1982,"August 3, 1982",Warner Bros.,0:39:59,"I Keep Forgettin' (Every Time You're Near) (Aug. 1982), I Gotta Try (Nov. 1982), Playin' by the Rules (Feb. 1983)",https://www.discogs.com/master/157694-Michael-McDonald-If-Thats-What-It-Takes
Michael Boddicker,Michael McDonald,If That's What It Takes (1982),Additional Synthesizers,10,1981-1982,"August 3, 1982",Warner Bros.,0:39:59,"I Keep Forgettin' (Every Time You're Near) (Aug. 1982), I Gotta Try (Nov. 1982), Playin' by the Rules (Feb. 1983)",https://www.discogs.com/master/157694-Michael-McDonald-If-Thats-What-It-Takes
Michael McDonald,Michael McDonald,If That's What It Takes (1982),"Writer, Lead Vocals, Backing Vocals, Rhodes Piano, Synthesizers, Acoustic Piano",10,1981-1982,"August 3, 1982",Warner Bros.,0:39:59,"I Keep Forgettin' (Every Time You're Near) (Aug. 1982), I Gotta Try (Nov. 1982), Playin' by the Rules (Feb. 1983)",https://www.discogs.com/master/157694-Michael-McDonald-If-Thats-What-It-Takes
Michael Omartian,Michael McDonald,If That's What It Takes (1982),Rhodes Piano,10,1981-1982,"August 3, 1982",Warner Bros.,0:39:59,"I Keep Forgettin' (Every Time You're Near) (Aug. 1982), I Gotta Try (Nov. 1982), Playin' by the Rules (Feb. 1983)",https://www.discogs.com/master/157694-Michael-McDonald-If-Thats-What-It-Takes
Mike Porcaro,Michael McDonald,If That's What It Takes (1982),Bass,10,1981-1982,"August 3, 1982",Warner Bros.,0:39:59,"I Keep Forgettin' (Every Time You're Near) (Aug. 1982), I Gotta Try (Nov. 1982), Playin' by the Rules (Feb. 1983)",https://www.discogs.com/master/157694-Michael-McDonald-If-Thats-What-It-Takes
Paulinho Da Costa,Michael McDonald,If That's What It Takes (1982),Percussion,10,1981-1982,"August 3, 1982",Warner Bros.,0:39:59,"I Keep Forgettin' (Every Time You're Near) (Aug. 1982), I Gotta Try (Nov. 1982), Playin' by the Rules (Feb. 1983)",https://www.discogs.com/master/157694-Michael-McDonald-If-Thats-What-It-Takes
Steve Gadd,Michael McDonald,If That's What It Takes (1982),Drums,10,1981-1982,"August 3, 1982",Warner Bros.,0:39:59,"I Keep Forgettin' (Every Time You're Near) (Aug. 1982), I Gotta Try (Nov. 1982), Playin' by the Rules (Feb. 1983)",https://www.discogs.com/master/157694-Michael-McDonald-If-Thats-What-It-Takes
Steve Lukather,Michael McDonald,If That's What It Takes (1982),Guitar,10,1981-1982,"August 3, 1982",Warner Bros.,0:39:59,"I Keep Forgettin' (Every Time You're Near) (Aug. 1982), I Gotta Try (Nov. 1982), Playin' by the Rules (Feb. 1983)",https://www.discogs.com/master/157694-Michael-McDonald-If-Thats-What-It-Takes
Ted Templeman,Michael McDonald,If That's What It Takes (1982),"Producer, Percussion",10,1981-1982,"August 3, 1982",Warner Bros.,0:39:59,"I Keep Forgettin' (Every Time You're Near) (Aug. 1982), I Gotta Try (Nov. 1982), Playin' by the Rules (Feb. 1983)",https://www.discogs.com/master/157694-Michael-McDonald-If-Thats-What-It-Takes
Tom Scott,Michael McDonald,If That's What It Takes (1982),"Saxophone, Lyricon",10,1981-1982,"August 3, 1982",Warner Bros.,0:39:59,"I Keep Forgettin' (Every Time You're Near) (Aug. 1982), I Gotta Try (Nov. 1982), Playin' by the Rules (Feb. 1983)",https://www.discogs.com/master/157694-Michael-McDonald-If-Thats-What-It-Takes
Ed Greene,Captain and Tennille,Love Will Keep Us Together (1975),Drums,11,"1973, 1974-1975","May 23, 1975",A&M,0:37:37,"Love Will Keep Us Together (1975), The Way I Want to Touch You (Sep. 1975)",https://www.discogs.com/master/49541-The-Captain-Tennille-Love-Will-Keep-Us-Together
Al Schmitt,Marc Jordan,Mannequin (1978),Engineer,10,Unknown,1978,Warner Bros.,0:36:45,None Listed,https://www.discogs.com/master/285190-Marc-Jordan-Mannequin
Bernie Grundman,Marc Jordan,Mannequin (1978),Mastering Engineer,10,Unknown,1978,Warner Bros.,0:36:45,None Listed,https://www.discogs.com/master/285190-Marc-Jordan-Mannequin
Brenda Russell,Marc Jordan,Mannequin (1978),Backing Vocals,10,Unknown,1978,Warner Bros.,0:36:45,None Listed,https://www.discogs.com/master/285190-Marc-Jordan-Mannequin
Chuck Rainey,Marc Jordan,Mannequin (1978),Bass,10,Unknown,1978,Warner Bros.,0:36:45,None Listed,https://www.discogs.com/master/285190-Marc-Jordan-Mannequin
Clydie King,Marc Jordan,Mannequin (1978),Backing Vocals,10,Unknown,1978,Warner Bros.,0:36:45,None Listed,https://www.discogs.com/master/285190-Marc-Jordan-Mannequin
David Foster,Marc Jordan,Mannequin (1978),Keyboard,10,Unknown,1978,Warner Bros.,0:36:45,None Listed,https://www.discogs.com/master/285190-Marc-Jordan-Mannequin
David Paich,Marc Jordan,Mannequin (1978),Keyboard,10,Unknown,1978,Warner Bros.,0:36:45,None Listed,https://www.discogs.com/master/285190-Marc-Jordan-Mannequin
Dean Parks,Marc Jordan,Mannequin (1978),Guitar,10,Unknown,1978,Warner Bros.,0:36:45,None Listed,https://www.discogs.com/master/285190-Marc-Jordan-Mannequin
Donald Fagen,Marc Jordan,Mannequin (1978),Keyboard,10,Unknown,1978,Warner Bros.,0:36:45,None Listed,https://www.discogs.com/master/285190-Marc-Jordan-Mannequin
Gary Katz,Marc Jordan,Mannequin (1978),Producer,10,Unknown,1978,Warner Bros.,0:36:45,None Listed,https://www.discogs.com/master/285190-Marc-Jordan-Mannequin
James Newton Howard,Marc Jordan,Mannequin (1978),Keyboard,10,Unknown,1978,Warner Bros.,0:36:45,None Listed,https://www.discogs.com/master/285190-Marc-Jordan-Mannequin
JD Souther,Marc Jordan,Mannequin (1978),Backing Vocals,10,Unknown,1978,Warner Bros.,0:36:45,None Listed,https://www.discogs.com/master/285190-Marc-Jordan-Mannequin
Larry Carlton,Marc Jordan,Mannequin (1978),Guitar,10,Unknown,1978,Warner Bros.,0:36:45,None Listed,https://www.discogs.com/master/285190-Marc-Jordan-Mannequin
Lenise Bent,Marc Jordan,Mannequin (1978),Assistant Engineer,10,Unknown,1978,Warner Bros.,0:36:45,None Listed,https://www.discogs.com/master/285190-Marc-Jordan-Mannequin
Lenny Castro,Marc Jordan,Mannequin (1978),Percussion,10,Unknown,1978,Warner Bros.,0:36:45,None Listed,https://www.discogs.com/master/285190-Marc-Jordan-Mannequin
Linda Tyler,Marc Jordan,Mannequin (1978),Assistant Engineer,10,Unknown,1978,Warner Bros.,0:36:45,None Listed,https://www.discogs.com/master/285190-Marc-Jordan-Mannequin
Paul Griffin,Marc Jordan,Mannequin (1978),Keyboard,10,Unknown,1978,Warner Bros.,0:36:45,None Listed,https://www.discogs.com/master/285190-Marc-Jordan-Mannequin
Roger Nichols,Marc Jordan,Mannequin (1978),Engineer,10,Unknown,1978,Warner Bros.,0:36:45,None Listed,https://www.discogs.com/master/285190-Marc-Jordan-Mannequin
Steve Lukather,Marc Jordan,Mannequin (1978),Guitar,10,Unknown,1978,Warner Bros.,0:36:45,None Listed,https://www.discogs.com/master/285190-Marc-Jordan-Mannequin
Tom Scott,Marc Jordan,Mannequin (1978),Tenor Saxophone,10,Unknown,1978,Warner Bros.,0:36:45,None Listed,https://www.discogs.com/master/285190-Marc-Jordan-Mannequin
Bill Payne,The Doobie Brothers,Minute by Minute (1978),Synthesizer,10,1978,"December 1, 1978",Warner Bros.,0:36:16,"What a Fool Believes/Don't Stop to Watch the Wheels (Jan. 1979), Minute by Minute/Sweet Feelin' (Apr. 25, 1979), Dependin' on You/How Do the Fools Survive? (Jul. 25, 1979)",https://www.discogs.com/master/111118-The-Doobie-Brothers-Minute-By-Minute
Bobby LaKind,The Doobie Brothers,Minute by Minute (1978),"Congas, Backing Vocals",10,1978,"December 1, 1978",Warner Bros.,0:36:16,"What a Fool Believes/Don't Stop to Watch the Wheels (Jan. 1979), Minute by Minute/Sweet Feelin' (Apr. 25, 1979), Dependin' on You/How Do the Fools Survive? (Jul. 25, 1979)",https://www.discogs.com/master/111118-The-Doobie-Brothers-Minute-By-Minute
Donn Landee,The Doobie Brothers,Minute by Minute (1978),Engineer,10,1978,"December 1, 1978",Warner Bros.,0:36:16,"What a Fool Believes/Don't Stop to Watch the Wheels (Jan. 1979), Minute by Minute/Sweet Feelin' (Apr. 25, 1979), Dependin' on You/How Do the Fools Survive? (Jul. 25, 1979)",https://www.discogs.com/master/111118-The-Doobie-Brothers-Minute-By-Minute
Kenny Loggins,The Doobie Brothers,Minute by Minute (1978),Writer,10,1978,"December 1, 1978",Warner Bros.,0:36:16,"What a Fool Believes/Don't Stop to Watch the Wheels (Jan. 1979), Minute by Minute/Sweet Feelin' (Apr. 25, 1979), Dependin' on You/How Do the Fools Survive? (Jul. 25, 1979)",https://www.discogs.com/master/111118-The-Doobie-Brothers-Minute-By-Minute
Michael McDonald,The Doobie Brothers,Minute by Minute (1978),"Writer, Leading Vocals, Backing Vocals, Piano, Electric Piano, Organ, Synthesizers",10,1978,"December 1, 1978",Warner Bros.,0:36:16,"What a Fool Believes/Don't Stop to Watch the Wheels (Jan. 1979), Minute by Minute/Sweet Feelin' (Apr. 25, 1979), Dependin' on You/How Do the Fools Survive? (Jul. 25, 1979)",https://www.discogs.com/master/111118-The-Doobie-Brothers-Minute-By-Minute
Nicolette Larson,The Doobie Brothers,Minute by Minute (1978),Vocals,10,1978,"December 1, 1978",Warner Bros.,0:36:16,"What a Fool Believes/Don't Stop to Watch the Wheels (Jan. 1979), Minute by Minute/Sweet Feelin' (Apr. 25, 1979), Dependin' on You/How Do the Fools Survive? (Jul. 25, 1979)",https://www.discogs.com/master/111118-The-Doobie-Brothers-Minute-By-Minute
Ted Templeman,The Doobie Brothers,Minute by Minute (1978),"Writer, Producer, Drums, Percussion",10,1978,"December 1, 1978",Warner Bros.,0:36:16,"What a Fool Believes/Don't Stop to Watch the Wheels (Jan. 1979), Minute by Minute/Sweet Feelin' (Apr. 25, 1979), Dependin' on You/How Do the Fools Survive? (Jul. 25, 1979)",https://www.discogs.com/master/111118-The-Doobie-Brothers-Minute-By-Minute
Glenn Meadows,England Dan & John Ford Coley,Nights Are Forever (1976),Mastering Engineer,11,1976,July 1976,Big Tree,0:34:41,"I'd Really Love to See You Tonight (May 1976), Nights Are Forever Without You (Oct. 1976) ",https://www.discogs.com/master/300083-England-Dan-John-Ford-Coley-Nights-Are-Forever
Andy Newmark,Carly Simon,No Secrets (1972),Drums,10,September - October 1972,"November 28, 1972",Elektra,0:35:58,"You're So Vain (Nov. 8, 1972), The Right Thing to Do (Mar. 1973) ",https://www.discogs.com/master/99919-Carly-Simon-No-Secrets
Bill Payne,Carly Simon,No Secrets (1972),Organ,10,September - October 1972,"November 28, 1972",Elektra,0:35:58,"You're So Vain (Nov. 8, 1972), The Right Thing to Do (Mar. 1973) ",https://www.discogs.com/master/99919-Carly-Simon-No-Secrets
Bill Schnee,Carly Simon,No Secrets (1972),"Engineer, Remixing",10,September - October 1972,"November 28, 1972",Elektra,0:35:58,"You're So Vain (Nov. 8, 1972), The Right Thing to Do (Mar. 1973) ",https://www.discogs.com/master/99919-Carly-Simon-No-Secrets
Jim Keltner,Carly Simon,No Secrets (1972),Drums,10,September - October 1972,"November 28, 1972",Elektra,0:35:58,"You're So Vain (Nov. 8, 1972), The Right Thing to Do (Mar. 1973) ",https://www.discogs.com/master/99919-Carly-Simon-No-Secrets
Wayne Andre,Rupert Holmes,Partners in Crime (1979),Trombone,10,January - July 1979,"August 5, 1979","Infinity, MCA",0:42:40,"Escape (The Pina Colada Song) (Sep. 17, 1979), Him (Jan. 7, 1980), Answering Machine (1980)",https://www.discogs.com/master/91170-Rupert-Holmes-Partners-In-Crime
Andy Newmark,Dan Fogelberg,Phoenix (1979),Drums,10,November 1978 - October 1979,November 1979,"Full Moon, Epic",0:42:56,"Face the Fire (1979), Longer (1979), Beggar's Game (1980), Heart Hotels (1980)",https://www.discogs.com/master/91510-Dan-Fogelberg-Phoenix
Glenn Meadows,Dan Fogelberg,Phoenix (1979),Mastering Engineer,10,November 1978 - October 1979,November 1979,"Full Moon, Epic",0:42:56,"Face the Fire (1979), Longer (1979), Beggar's Game (1980), Heart Hotels (1980)",https://www.discogs.com/master/91510-Dan-Fogelberg-Phoenix
Jerry Hey,Dan Fogelberg,Phoenix (1979),Flugelhorn,10,November 1978 - October 1979,November 1979,"Full Moon, Epic",0:42:56,"Face the Fire (1979), Longer (1979), Beggar's Game (1980), Heart Hotels (1980)",https://www.discogs.com/master/91510-Dan-Fogelberg-Phoenix
Sid Sharp,Dan Fogelberg,Phoenix (1979),Concertmaster,10,November 1978 - October 1979,November 1979,"Full Moon, Epic",0:42:56,"Face the Fire (1979), Longer (1979), Beggar's Game (1980), Heart Hotels (1980)",https://www.discogs.com/master/91510-Dan-Fogelberg-Phoenix
Tom Scott,Dan Fogelberg,Phoenix (1979),"Saxophone, Lyricon",10,November 1978 - October 1979,November 1979,"Full Moon, Epic",0:42:56,"Face the Fire (1979), Longer (1979), Beggar's Game (1980), Heart Hotels (1980)",https://www.discogs.com/master/91510-Dan-Fogelberg-Phoenix
Gary Coleman,Player,Player (1977),Percussion,10,1977,"September 1, 1977",RSO,0:39:56,"Baby Come Back (Oct. 13, 1977), This Time I'm in It for Love (Mar. 1978)",https://www.discogs.com/master/140693-Player-Player
Jim Horn,Player,Player (1977),"Saxophone, Flute",10,1977,"September 1, 1977",RSO,0:39:56,"Baby Come Back (Oct. 13, 1977), This Time I'm in It for Love (Mar. 1978)",https://www.discogs.com/master/140693-Player-Player
Michael Omartian,Player,Player (1977),Synthesizers,10,1977,"September 1, 1977",RSO,0:39:56,"Baby Come Back (Oct. 13, 1977), This Time I'm in It for Love (Mar. 1978)",https://www.discogs.com/master/140693-Player-Player
Chuck Findley,Boz Scaggs,Silk Degrees (1976),Flugelhorn,10,September - October 1975,"February 18, 1976",Columbia,0:41:32,"It's Over (1976), Lowdown (Jun. 1976), Lido Shuffle (Feb. 1977), What Can I Say (1977)",https://www.discogs.com/master/108242-Boz-Scaggs-Silk-Degrees
David Hungate,Boz Scaggs,Silk Degrees (1976),Bass,10,September - October 1975,"February 18, 1976",Columbia,0:41:32,"It's Over (1976), Lowdown (Jun. 1976), Lido Shuffle (Feb. 1977), What Can I Say (1977)",https://www.discogs.com/master/108242-Boz-Scaggs-Silk-Degrees
David Paich,Boz Scaggs,Silk Degrees (1976),"Writer, Arrangements, Acoustic Piano, Clavinet, Rhodes Piano, Synthesizers, Organ, Electric Piano, Harpsichord",10,September - October 1975,"February 18, 1976",Columbia,0:41:32,"It's Over (1976), Lowdown (Jun. 1976), Lido Shuffle (Feb. 1977), What Can I Say (1977)",https://www.discogs.com/master/108242-Boz-Scaggs-Silk-Degrees
Jeff Porcaro,Boz Scaggs,Silk Degrees (1976),"Drums, Percussion, Timbales",10,September - October 1975,"February 18, 1976",Columbia,0:41:32,"It's Over (1976), Lowdown (Jun. 1976), Lido Shuffle (Feb. 1977), What Can I Say (1977)",https://www.discogs.com/master/108242-Boz-Scaggs-Silk-Degrees
Jim Horn,Boz Scaggs,Silk Degrees (1976),"Tenor Saxophone, Horns",10,September - October 1975,"February 18, 1976",Columbia,0:41:32,"It's Over (1976), Lowdown (Jun. 1976), Lido Shuffle (Feb. 1977), What Can I Say (1977)",https://www.discogs.com/master/108242-Boz-Scaggs-Silk-Degrees
Joe Porcaro,Boz Scaggs,Silk Degrees (1976),Percussion,10,September - October 1975,"February 18, 1976",Columbia,0:41:32,"It's Over (1976), Lowdown (Jun. 1976), Lido Shuffle (Feb. 1977), What Can I Say (1977)",https://www.discogs.com/master/108242-Boz-Scaggs-Silk-Degrees
Marty McCall,Boz Scaggs,Silk Degrees (1976),Backing Vocals,10,September - October 1975,"February 18, 1976",Columbia,0:41:32,"It's Over (1976), Lowdown (Jun. 1976), Lido Shuffle (Feb. 1977), What Can I Say (1977)",https://www.discogs.com/master/108242-Boz-Scaggs-Silk-Degrees
Plas Johnson,Boz Scaggs,Silk Degrees (1976),"Tenor Saxophone, Horns",10,September - October 1975,"February 18, 1976",Columbia,0:41:32,"It's Over (1976), Lowdown (Jun. 1976), Lido Shuffle (Feb. 1977), What Can I Say (1977)",https://www.discogs.com/master/108242-Boz-Scaggs-Silk-Degrees
Sid Sharp,Boz Scaggs,Silk Degrees (1976),"String Conductor, Concertmaster",10,September - October 1975,"February 18, 1976",Columbia,0:41:32,"It's Over (1976), Lowdown (Jun. 1976), Lido Shuffle (Feb. 1977), What Can I Say (1977)",https://www.discogs.com/master/108242-Boz-Scaggs-Silk-Degrees
Tom Scott,Boz Scaggs,Silk Degrees (1976),Horns,10,September - October 1975,"February 18, 1976",Columbia,0:41:32,"It's Over (1976), Lowdown (Jun. 1976), Lido Shuffle (Feb. 1977), What Can I Say (1977)",https://www.discogs.com/master/108242-Boz-Scaggs-Silk-Degrees
Al Schmitt,Toto,Toto IV (1982),Engineer,10,June 1981 - January 1982,"April 8, 1982",Columbia,0:41:58,"Rosanna (Mar. 31, 1982), Africa (Oct. 1982), Make Believe (Jul. 1982), Afraid of Love (1982), I Won't Hold You Back (Mar. 1983), Waiting for Your Love (Jun. 1983)",https://www.discogs.com/master/30712-Toto-Toto-IV
David Hungate,Toto,Toto IV (1982),Bass Guitar,10,June 1981 - January 1982,"April 8, 1982",Columbia,0:41:58,"Rosanna (Mar. 31, 1982), Africa (Oct. 1982), Make Believe (Jul. 1982), Afraid of Love (1982), I Won't Hold You Back (Mar. 1983), Waiting for Your Love (Jun. 1983)",https://www.discogs.com/master/30712-Toto-Toto-IV
David Leonard,Toto,Toto IV (1982),Engineer,10,June 1981 - January 1982,"April 8, 1982",Columbia,0:41:58,"Rosanna (Mar. 31, 1982), Africa (Oct. 1982), Make Believe (Jul. 1982), Afraid of Love (1982), I Won't Hold You Back (Mar. 1983), Waiting for Your Love (Jun. 1983)",https://www.discogs.com/master/30712-Toto-Toto-IV
David Paich,Toto,Toto IV (1982),Writer,10,June 1981 - January 1982,"April 8, 1982",Columbia,0:41:58,"Rosanna (Mar. 31, 1982), Africa (Oct. 1982), Make Believe (Jul. 1982), Afraid of Love (1982), I Won't Hold You Back (Mar. 1983), Waiting for Your Love (Jun. 1983)",https://www.discogs.com/master/30712-Toto-Toto-IV
James Newton Howard,Toto,Toto IV (1982),"Conductor, Orchestral Arrangements",10,June 1981 - January 1982,"April 8, 1982",Columbia,0:41:58,"Rosanna (Mar. 31, 1982), Africa (Oct. 1982), Make Believe (Jul. 1982), Afraid of Love (1982), I Won't Hold You Back (Mar. 1983), Waiting for Your Love (Jun. 1983)",https://www.discogs.com/master/30712-Toto-Toto-IV
Jeff Porcaro,Toto,Toto IV (1982),Writer,10,June 1981 - January 1982,"April 8, 1982",Columbia,0:41:58,"Rosanna (Mar. 31, 1982), Africa (Oct. 1982), Make Believe (Jul. 1982), Afraid of Love (1982), I Won't Hold You Back (Mar. 1983), Waiting for Your Love (Jun. 1983)",https://www.discogs.com/master/30712-Toto-Toto-IV
Jerry Hey,Toto,Toto IV (1982),"Trumpet, Horn Arrangements",10,June 1981 - January 1982,"April 8, 1982",Columbia,0:41:58,"Rosanna (Mar. 31, 1982), Africa (Oct. 1982), Make Believe (Jul. 1982), Afraid of Love (1982), I Won't Hold You Back (Mar. 1983), Waiting for Your Love (Jun. 1983)",https://www.discogs.com/master/30712-Toto-Toto-IV
Jim Horn,Toto,Toto IV (1982),"Saxophone, Recorder",10,June 1981 - January 1982,"April 8, 1982",Columbia,0:41:58,"Rosanna (Mar. 31, 1982), Africa (Oct. 1982), Make Believe (Jul. 1982), Afraid of Love (1982), I Won't Hold You Back (Mar. 1983), Waiting for Your Love (Jun. 1983)",https://www.discogs.com/master/30712-Toto-Toto-IV
Joe Porcaro,Toto,Toto IV (1982),"Percussion, Xylophone, Tympani, Marimba",10,June 1981 - January 1982,"April 8, 1982",Columbia,0:41:58,"Rosanna (Mar. 31, 1982), Africa (Oct. 1982), Make Believe (Jul. 1982), Afraid of Love (1982), I Won't Hold You Back (Mar. 1983), Waiting for Your Love (Jun. 1983)",https://www.discogs.com/master/30712-Toto-Toto-IV
Lenny Castro,Toto,Toto IV (1982),"Congas, Percussion",10,June 1981 - January 1982,"April 8, 1982",Columbia,0:41:58,"Rosanna (Mar. 31, 1982), Africa (Oct. 1982), Make Believe (Jul. 1982), Afraid of Love (1982), I Won't Hold You Back (Mar. 1983), Waiting for Your Love (Jun. 1983)",https://www.discogs.com/master/30712-Toto-Toto-IV
Marty Paich,Toto,Toto IV (1982),Orchestral Arrangements,10,June 1981 - January 1982,"April 8, 1982",Columbia,0:41:58,"Rosanna (Mar. 31, 1982), Africa (Oct. 1982), Make Believe (Jul. 1982), Afraid of Love (1982), I Won't Hold You Back (Mar. 1983), Waiting for Your Love (Jun. 1983)",https://www.discogs.com/master/30712-Toto-Toto-IV
Mike Porcaro,Toto,Toto IV (1982),Cello,10,June 1981 - January 1982,"April 8, 1982",Columbia,0:41:58,"Rosanna (Mar. 31, 1982), Africa (Oct. 1982), Make Believe (Jul. 1982), Afraid of Love (1982), I Won't Hold You Back (Mar. 1983), Waiting for Your Love (Jun. 1983)",https://www.discogs.com/master/30712-Toto-Toto-IV
Steve Lukather,Toto,Toto IV (1982),"Writer, Guitar, Lead Vocals, Backing Vocals, Piano",10,June 1981 - January 1982,"April 8, 1982",Columbia,0:41:58,"Rosanna (Mar. 31, 1982), Africa (Oct. 1982), Make Believe (Jul. 1982), Afraid of Love (1982), I Won't Hold You Back (Mar. 1983), Waiting for Your Love (Jun. 1983)",https://www.discogs.com/master/30712-Toto-Toto-IV
Timothy B. Schmit,Toto,Toto IV (1982),Backing Vocals,10,June 1981 - January 1982,"April 8, 1982",Columbia,0:41:58,"Rosanna (Mar. 31, 1982), Africa (Oct. 1982), Make Believe (Jul. 1982), Afraid of Love (1982), I Won't Hold You Back (Mar. 1983), Waiting for Your Love (Jun. 1983)",https://www.discogs.com/master/30712-Toto-Toto-IV
Tom Scott,Toto,Toto IV (1982),Saxophone,10,June 1981 - January 1982,"April 8, 1982",Columbia,0:41:58,"Rosanna (Mar. 31, 1982), Africa (Oct. 1982), Make Believe (Jul. 1982), Afraid of Love (1982), I Won't Hold You Back (Mar. 1983), Waiting for Your Love (Jun. 1983)",https://www.discogs.com/master/30712-Toto-Toto-IV